video_id,video_title,video_views,video_likes,video_comment,video_duration,video_published_date
c1HX_EbZYAo,родро╛ройро╛ роЪрпЗро░рпНроирпНрод роХрпВроЯрпНроЯроорпН ЁЯдйЁЯФе | Sri Lanka Ep-12 | Vj Siddhu Vlogs,886738,84068,1000,PT15M43S,2024-03-06T10:45:08Z
o-Cc6jq916M,роиро▓рпНро▓рпВро░рпН роорпБро░рпБроХройрпН роХрпЛро╡ро┐ро▓рпБроХрпНроХрпБ рокрпЛро▒рпЛроорпНЁЯЩПЁЯП╗ЁЯШН | Sri Lanka Ep-11 | Vj Siddhu Vlogs,1404364,115672,2045,PT27M12S,2024-03-04T12:45:09Z
RMwC_4oxKT0,Twitter -ро▓ роЗродро╛ройрпН рокро╛роХрпНроХрпБро▒ро┐ропро╛ ЁЯШи? | Sri Lanka EP-10 | Vj Siddhu Vlogs,1733472,133696,2065,PT21M30S,2024-03-03T04:30:11Z
cu_kqf70vEg,роиро╛ройрпН роХрпЗроЯрпНроЯродрпБ роЖройро╛ роЕро╡ро░рпН роХрпБроЯрпБродрпНродродрпБЁЯднЁЯШВ | Vj Siddhu Vlogs,2154798,171435,2831,PT31M39S,2024-03-01T11:30:09Z
6ZX8gywf6sQ,Friendship родро╛ройрпН роЪрпКродрпНродрпБ роироороХрпНроХрпБЁЯШНЁЯе░ | Sri Lanka EP-9 | Vj Siddhu Vlogs,1799619,137900,2202,PT20M4S,2024-02-28T09:30:12Z
oVHwoZaMD-s,рооро╛рооро╛ро╡рпБроХрпНроХрпБ роХрпЛро╡роорпН ро╡роирпНродрпБро░рпБроЪрпНроЪрпБ ЁЯШа | Sri Lanka EP-8 | Vj Siddhu Vlog,2208270,150665,2259,PT23M40S,2024-02-26T13:15:12Z
fT9yAjUHzwQ,"рокрпБродрпБ Game-uh, Siddhu роЪрпЖроорпНроо Form-uh ЁЯШОЁЯдг | Sri Lanka EP-7 | Vj Siddhu Vlogs",1666783,131233,1309,PT16M54S,2024-02-25T04:30:11Z
qltm-ak_OKo,роОройрпНрой роЪрпКройрпНройро╛ро▓рпБроорпН роироорпНрокрпБро▒ро╛ройрпНЁЯШВЁЯТе | Sri Lanka EP-6 | Vj Siddhu Vlogs,1887091,145795,1943,PT16M23S,2024-02-23T11:45:11Z
G7gaf4MjN4o,Beach-ро▓ропрпЗ родроЩрпНроХрпБро▒рпЛроорпНЁЯдйЁЯПЦ  | Sri Lanka EP-5 | Vj Siddhu Vlogs,1798054,145884,2342,PT20M6S,2024-02-21T11:00:11Z
zXWvYpc3QCE,роЗройро┐роорпЗ Life-роП рооро╛ро▒ рокрпЛроХрпБродрпБЁЯдйЁЯТе| роХро░рпБроЩрпНроХро╛ро▓ро┐ рооро╛ро▓рпИ | Sri Lanka EP-4 | Vj Siddhu Vlogs,1969558,155505,2456,PT16M30S,2024-02-19T11:00:13Z
HN54x-eShFU,рооро░рог роХро┐рогро▒рпБ рооро░рогрооро╛ роЗро░рпБроХрпНроХрпБ ЁЯШВЁЯТе | Vj Siddhu Vlogs,2029395,156440,1761,PT26M1S,2024-02-18T04:30:11Z
J9-hDP9Lu1g,роЙроЩрпНроХро│рпН-ро▓ роТро░рпБродрпНродро░рпН родро╛ройрпН роиро╛роЩрпНроХ ЁЯШЗЁЯе░ | Fans Meet Up тЭдя╕П | Sri Lanka EP-3 | Vj Siddhu Vlogs,1883655,170608,2833,PT25M3S,2024-02-16T10:15:09Z
4NppfA06-_s,роЙройрпНрой рокро╛родрпНродро╛ роОройроХрпНроХрпБ роХрпЗрой рокрпИропройрпБ родрпЛрогрпБродрпБЁЯШВЁЯШ▒ | Ft.Vijay Antony | Vj Siddhu Vlogs,2433415,191155,3021,PT27M18S,2024-02-14T09:30:11Z
6l55q7r4MGU,роОро▓рпНро▓ро╛ро░рпБроорпЗ роТро▒рпНро▒рпБроорпИропро╛ роЗро░рпБроХрпНроХрпАроЩрпНроХЁЯе░тЭдя╕П | Sri Lanka EP02 | Vj Siddhu Vlogs,2300604,188418,3114,PT19M14S,2024-02-12T12:30:12Z
FV9xIo7Umlg,ро╡ро╛ройродрпНродрпБро▓ Cake ро╡рпЖроЯрпНро▒рпЛроорпН ЁЯе│ЁЯдй | Sri Lanka EP01 | Vj Siddhu Vlogs,2434123,239908,10362,PT20M9S,2024-02-11T04:30:08Z
dbsv8HPT2Ww,Srilanka роЪроорпНрокро╡роорпН loading ЁЯФеЁЯдй | Vj Siddhu Vlogs,1287320,139403,2964,PT2M9S,2024-02-09T09:30:10Z
3q6-_eROVDA,"Wheel chips-роорпН, Manikandan tips-роорпН ЁЯдЩЁЯП╗ЁЯе│| Ft. Manikandan | Vj Siddhu Vlogs",2505430,169220,2516,PT29M38S,2024-02-07T12:30:09Z
zcaOimCOsmQ,роиро╛ройрпН родро╛ройрпН роЯро╛ Riya KannanЁЯдгЁЯТе | insta series epi - 5 | Vj Siddhu Vlogs,3205343,218391,3948,PT26M18S,2024-02-05T12:30:10Z
YrXAUN3p1IM,Kodaikanal Series Re-release Full Movie ЁЯФе | 4K | Vj siddhu vlogs,2171561,89110,2102,PT2H53M15S,2024-02-04T04:30:13Z
nXklZKUebSs,Kodaikanal Movie  Promo ЁЯОеЁЯФе | Re-release ЁЯФе| Vj Siddhu Vlog,604715,58949,852,PT56S,2024-02-03T10:45:12Z
tLMoqfR-qCQ,Love Torture рокрогрпНро▒ро╛ройрпН роЯро╛ЁЯШФ  | insta series epi - 4 | Vj Siddhu Vlogs,2593618,191030,4699,PT13M35S,2024-02-02T09:45:09Z
QIGYf2erUHo,роЕрокрпНрокро╛ hospital - ро▓ роЗро░рпБроХрпНроХро╛ро░рпБ ЁЯШе | insta series epi - 3 | Vj Siddhu Vlogs,3392011,222216,5241,PT24M48S,2024-01-31T09:30:12Z
NPMjsLOPN70,School-роХрпНроХрпЗ рокрпЛройродрпБ роЗро▓рпНро▓рпИропро╛ da ЁЯджЁЯП╗ | Insta series epi - 02 | Vj Siddhu Vlogs,2467554,167949,2866,PT15M10S,2024-01-29T09:30:09Z
EQKYyL6ycSM,рооро╛роЯрпНроЯрпБройроЯро╛ рокроорпНрокро░роХроЯрпНроЯ роорогрпНроЯрпИропро╛ ЁЯдгЁЯФе | Insta series epi - 01 | Vj Siddhu Vlogs,3169011,230243,5707,PT23M16S,2024-01-28T04:30:13Z
1dOwdBY3szA,роЪрпКро▓рпНро▓рпБроЩрпНроХ Mama kuttyyЁЯШВ | Insta Series Promo  | Vj Siddhu Vlogs,1334250,91652,1229,PT1M13S,2024-01-26T09:30:09Z
VqDTwjnY8lg,Star-роП роЖройро╛ро▓рпБроорпН Commentary рокрогрпНро▒родрпБ роиро┐роХрпНроХро╛родрпБЁЯШНЁЯФе | ft. RJ balaji | Vj Siddhu Vlogs,2245700,147654,1191,PT26M8S,2024-01-24T09:30:10Z
EUeu-GJyuYw,родро▓ Dhoni- роХрпНроХрпБ call рокрогрпНрогрпБроЩрпНроХЁЯШО | Ft. Rj Balaji | Vj Siddhu Vlogs,3138738,207485,2706,PT38M16S,2024-01-22T13:30:12Z
s5RDMG_tUao,Home Tour - A Bachelor Party Full Movie | 4K with English SubTitle | Vj Siddhu Vlogs,2692036,138390,2207,PT1H25M25S,2024-01-21T04:30:08Z
dSPbSzYYDWM,Vj Siddhu movie promo ЁЯе│ЁЯОе | Vj Siddhu Vlogs,646476,57943,615,PT43S,2024-01-20T09:30:09Z
8Han8BxvowY,Saved from soori ЁЯШВЁЯФе|  Kolkata Vibe | Vj Siddhu Vlogs,2066978,123537,853,PT13M51S,2024-01-19T09:30:10Z
kDpxPWeRnc8,Vj Siddhu Vlogs рокрпКроЩрпНроХро▓рпН родро┐ро░рпБро╡ро┐ро┤ро╛ ЁЯе│| Vj Siddhu Vlogs,1987273,130599,1405,PT29M25S,2024-01-17T10:15:13Z
P9HFWTJ4-xE,рокрпКроЩрпНроХро▓рпН Game-U роЪрпЖроорпНроо Form-U ЁЯШЬ | Episode 1 #pongal2024 ЁЯМ╛ЁЯе│ | Vj Siddhu Vlogs,2016169,131781,1230,PT21M49S,2024-01-15T09:30:12Z
uyWVgA5tyrM,Welcome to Vj Siddhu Office ЁЯдйЁЯТе | Vj Siddhu Vlogs,1871274,132792,1025,PT22M14S,2024-01-14T04:30:11Z
W2gKC1ZIQGU,Pongal Special Shopping VlogтЭдя╕ПЁЯТеЁЯЫТ | Vj Siddhu Vlogs,1851301,119183,975,PT21M27S,2024-01-12T11:30:09Z
sqqn5v1lgYI,роЖроЯрпНроЯроорпН рокро╛роЯрпНроЯроорпН роХрпКрогрпНроЯро╛роЯрпНроЯроорпНЁЯдгЁЯФе | Vj Siddhu Vlogs,2552188,169432,2321,PT27M48S,2024-01-10T11:00:12Z
clW5w4Da6bo,Bye Bye Kolkata ЁЯСЛЁЯП╗ЁЯФе|  Kolkata Epi 11 | Vj Siddhu Vlogs,1953118,128062,1330,PT20M50S,2024-01-08T09:30:08Z
owq8pBKJjN0,"Kafar роЪрпКро▓рпНро▒ро╛ро░рпБ , Siddhu роЪрпЖропрпНро▒ро╛ро░рпБ ЁЯФеЁЯШО | Kolkata Epi 10 | VJ Siddhu Vlogs",2101193,141799,1580,PT14M2S,2024-01-07T04:30:13Z
Kw_Wq3kGmYg,ро╡ропро┐ро▒рпБ ро╡ро▓ро┐роХрпНроХ роЪро┐ро░ро┐роЪрпНроЪрпЛроорпНЁЯдгЁЯФе | Kolkata Epi-9 | Vj Siddhu Vlogs,2407063,167069,3311,PT20M27S,2024-01-05T09:45:08Z
_KdnWXvqX9w,Boys роЪроорпИропро▓рпН рооро░рпНроХропро╛ЁЯШВЁЯФе | Kolkata Epi-8 | Vj Siddhu Vlogs,2746740,164168,2573,PT21M28S,2024-01-03T10:30:12Z
snsgnHhqzbA,Siddhu роЕрогрпНрогро╛ роЗро╡рпНро│рпЛ роиро▓рпНро▓ро╡ро░ро╛ЁЯСАЁЯе║ | Kolkata Epi-7 | Vj Siddhu Vlogs,2317422,137272,2134,PT17M30S,2023-12-31T18:30:09Z
SMiDWZfHEXI,ро╡рпЖро│рпНро│роХрпНроХро╛ро░ройрпН ро╡рпЗро▓рпИроп рокро╛родрпНродрпБроЯрпНроЯро╛ройрпНЁЯШ│ЁЯШВ | Kolkata Epi-6 |  Vj Siddhu Vlogs,1843987,117400,1696,PT23M33S,2023-12-31T04:30:13Z
NorgkUtR6qk,рокрпБродрпБ Camera man роХро┐роЯрпИроЪрпНроЪро╛роЪрпНроЪрпБ | Vj Siddhu Vlogs,2296571,142469,2194,PT29M41S,2023-12-30T09:45:11Z
-uNo-wCb6uc,"Kolkata doli, Nivetha gaali ЁЯШНЁЯдг | Kolkata Epi-5 | Vj Siddhu Vlogs",2688223,172865,4102,PT20M7S,2023-12-27T09:30:08Z
iWxDeOPZL1w,Alia Bhatt Cake-роЖ? ЁЯШН| Vj Siddhu Vlogs,2376515,143557,1758,PT19M6S,2023-12-25T10:15:10Z
ilOdl7yrF_Y,Bathroom-ро▓ роЗрокрпНрокроЯро┐ рокрогрпНрогро┐роЯрпНроЯро╛ройрпБроЩрпНроХро│рпЗЁЯШ│ЁЯЦРЁЯП╗ |  Kolkata Epi-4 | Vj Siddhu Vlogs,2849045,185543,5501,PT15M37S,2023-12-24T04:30:11Z
F_5yH9-9cig,родро┐ро▓рпНро▓рпБроХрпНроХрпБ родрпБроЯрпНроЯрпБ ро╡ро┐ро│рпИропро╛роЯрпБро╡рпЛрооро╛ЁЯдгЁЯФе | Kolkata Epi-3 | Vj Siddhu Vlogs,2167918,133435,1444,PT19M3S,2023-12-22T09:30:10Z
z94RB8446A0,роиро╛роЩрпНроХро│рпБроорпН Hero родро╛ройрпН ЁЯШБЁЯШО | Vj Siddhu Vlogs,1934405,121354,1573,PT17M17S,2023-12-20T09:30:11Z
QvLelz6dPTY,Train роЪрпЛро▒рпБроорпН Editor роЪро╛ро░рпБроорпН ЁЯдгЁЯФе | Kolkata Epi 2 | VJ Siddhu Vlogs,2886420,159829,1687,PT25M34S,2023-12-18T10:00:12Z
VW8HFecxb68,Bad Boys Trip роЖро░роорпНрокроорпН ЁЯдгЁЯФе | Kolkata Epi 1 | VJ Siddhu┬аVlogs,2304726,152916,2248,PT15M42S,2023-12-17T04:30:08Z
bfsPCK5BlXI,роЕро▓рокрпНрокро▒рпИ роХрпЖро│рокрпНрокрпБро▒рпЛроорпНЁЯе│ | Vj Siddhu Vlogs,1183885,105083,1931,PT2M6S,2023-12-15T09:30:11Z
EiXBbGZZnYY,роОро▓рпНро▓ро╛ рокрпБроХро┤рпБроорпН Subscriber-роХрпНроХрпЗЁЯе░ | Vj Siddhu Vlogs,2189461,173762,4183,PT15M9S,2023-12-13T09:50:11Z
1qAHPXYvdiA,роиройрпНро▒ро┐ роороХрпНроХро│рпЗ ЁЯЩПЁЯП╗| Vj Siddhu Vlogs,794496,117213,2066,PT2M4S,2023-12-11T12:30:10Z
ygoWNjEvsiE,роЗродрпБ рокрпБродрпБроЪро╛ роЗро░рпБроХрпНроХрпБ роирпЗЁЯШВ | Vj Siddhu Vlogs,1848952,120718,1305,PT21M6S,2023-12-10T04:30:12Z
xdeVjROwFEc,Ladies роЪрпЖро░рпБрокрпНрокрпБ рокрпЛроЯрпНроЯрпБроЯрпНроЯрпБ роЗро░рпБроХрпНроХро╛ройрпН | Vj Siddhu Vlogs,2086759,144802,2250,PT22M1S,2023-12-08T14:30:07Z
bX83aS2wClI,ро░рпКроорпНрок Feeling-роЖ роЗро░рпБроХрпНроХрпБЁЯе║ | VJ Siddhu Vlogs,1727783,171780,3545,PT9M44S,2023-12-06T09:30:10Z
bIr9h7jtXXk,роТро░рпБ роЕро│ро╡рпБроХрпНроХрпБ родро╛ройрпН BroЁЯШВЁЯФе | Vj Siddhu Vlogs,3441091,211509,6684,PT16M15S,2023-12-03T05:15:08Z
mLiuvVXfUII,Trekking With роХрпЛро│ро╛ро▒рпБ BoysЁЯШВЁЯТе | Vj Siddhu Vlogs,2312626,139142,1576,PT24M2S,2023-12-01T13:15:10Z
cewmYVENXjk,роиро┐роХрпНроХро╛роо рокрпЛропрпНроЯрпНроЯрпБ  роЗро░рпБроХрпНроХрпБ | Vj Siddhu Vlogs,2103888,129204,1503,PT16M38S,2023-11-29T14:30:09Z
533epbdavzA,Love рокрогрпНро▓ро╛рооро╛ ро╡рпЗрогро╛рооро╛!тЭдя╕ПЁЯдФ | Vj Siddhu Vlogs,2583178,147957,2096,PT13M35S,2023-11-27T16:30:09Z
xMd4Q8hzldM,Based on true story  | Vj Siddu Vlogs,2114191,125719,2017,PT19M52S,2023-11-26T04:30:09Z
yNNkkuGNDhQ,роЗроЪрпИ рооро┤рпИропро┐ро▓рпН роиройрпИроп родропро╛ро░ро╛ЁЯШВЁЯТе | Vj Siddhu Vlogs,1509716,95121,1118,PT15M9S,2023-11-24T12:30:10Z
E3H0vX8x9M8,роороЪрпНроЪро╛ройрпН ро╡рпАроЯрпНро▓ Party ЁЯШВЁЯФе Full роЪроорпНрокро╡роорпН | Joe | Vj Siddhu Vlogs,4848137,213263,1498,PT16M5S,2023-11-22T10:15:11Z
i87u4H95el8,Suriya рокрогрпНрог роЪрпВройро┐ропроорпН ЁЯШФ | Vj Siddhu Vlogs,2619103,157191,2098,PT18M52S,2023-11-20T13:30:10Z
E_J1yci5dbo,Ultimate -роЖрой роороЯрпНроЯройрпН роХро▒ро┐ родрпЛроЪрпИ ЁЯдйЁЯШЛ | Vj Siddhu Vlogs,1869177,97395,1227,PT19M53S,2023-11-19T04:30:08Z
z3TdxPFm-L0,роЗрокрпНроЯро┐ роТро░рпБ Team ропро╛ро░рпБроХрпНроХрпБ роХрпЖроЯрпИроХрпНроХрпБроорпН ЁЯШВ Kodaikanal Boys Trip | Vj Siddhu Vlogs,2816024,163240,2525,PT13M52S,2023-11-17T14:30:09Z
te5MIYgzFRo,роРропрпЛ ро╡ро┐роЯро┐роЮрпНроЪро┐ро░рпБроЪрпНроЪрпБЁЯШВ Night Ride FunЁЯФе | Vj Siddhu Vlogs,2706451,150891,2195,PT18M57S,2023-11-15T12:30:09Z
ssc8mX5eByI,роОроЩрпНроХ родро╛ройрпНройрпЗ рокрпЛро▒рпЛроорпНЁЯШ╡| Dho Kilometers funЁЯдг|  Vj Siddhu Vlogs,2766488,143261,1574,PT13M,2023-11-13T04:30:12Z
6htKQ9m5gVM,Treatu роорпБроХрпНроХро┐ропроорпН Bigil-uh ЁЯе│ЁЯдй| Vj Siddhu Vlogs,3988358,198855,1684,PT21M44S,2023-11-12T04:45:10Z
kJmUaD6RnhQ,роЗрокрпНрокроЯро┐ роироЯроХрпНроХрпБроорпН-ройрпБ роОродро┐ро░рпН рокро╛роХрпНроХро▓ЁЯзРBoys Ride ЁЯЪЧ BMW | Vj Siddhu Vlogs,2199680,101766,1116,PT23M52S,2023-11-10T12:30:10Z
LYBCxqlSFJk,Perfume-роХрпНроХрпБ Full Body Check Up-роЖЁЯШВ Perfume Vaanga PoromЁЯе░ | Vj Siddhu Vlogs,1172419,66455,549,PT22M31S,2023-11-09T09:30:09Z
XeEQ5shaG88,роХро╛роорпЖроЯро┐ роЗро░рпБроирпНродро╛ ро╡ро╛ Harshath роЗро▓рпНро▓ройрпНройро╛ ро╡ро░ро╛родЁЯШВ | Vj siddhu Vlogs,1485762,87835,1029,PT24M34S,2023-11-07T12:30:11Z
ksyBX4Ix32s,родрокрпНрокро┐роЪрпНроЪрпБродрпБ Thailand ЁЯШВ| Thailand Series End | Vj Siddhu Vlogs,1237268,64230,403,PT11M26S,2023-11-06T12:45:11Z
hTTFUvpxrqE,Last day in Thailand | Vj Siddhu Vlogs,1172522,67534,525,PT16M25S,2023-11-05T04:45:09Z
GavbgrCfSiw,роЕродрпЗ роЗро░родрпНродроорпН роЕрокрпНрокроЯро┐родрпНродро╛ройрпН роЗро░рпБроХрпНроХрпБроорпНЁЯШВ | Vj Siddhu Vlogs,1796077,101052,792,PT18M14S,2023-11-04T04:30:11Z
t_8zbyPykgQ,роироорпНроо Office-роХрпНроХрпБ Thala Diwali - Dress роОроЯрпБродрпНродрпБ роХрпБроЯрпБ роиро╛тЬиЁЯШВ | Vj Siddhu Vlogs,3537920,202581,3379,PT24M56S,2023-11-01T12:30:11Z
VJaAKKPLmsg,Thailand-ро▓ ро╡ро╛роЩрпНроХро┐ Chennai-ро▓ ро╡ро┐роХрпНроХрпБро▒рпЛроорпНЁЯШжЁЯШ▒ | CHEAPEST Market VisitЁЯТе | Vj Siddhu Vlogs,1501835,72341,573,PT16M4S,2023-10-30T12:30:09Z
ZGLIUS9WB8A,роЗродрпБроХрпНроХрпБ роХрпВроЯ Machine роЗро░рпБроХрпНроХро╛ЁЯШВ Funny Electronics Shopping Vlog | Vj┬аSiddhu┬аVlogs,1422502,71966,721,PT16M23S,2023-10-29T05:00:09Z
U_Sj6vRJkLQ,роЗройрпНройрпИроХрпНроХрпБ роорпКро░роЯрпНроЯрпБ роЪроорпНрокро╡роорпН роЗро░рпБроХрпНроХрпБ ЁЯШ▒ЁЯШВ | Fake Mall in Thailand ЁЯШ│ | Vj Siddhu Vlogs,2158489,91616,597,PT23M28S,2023-10-27T09:45:11Z
WDAOs8vXf4M,Airport рокроХрпНроХродрпНродрпБро▓ роЗро╡рпНро│рпЛ рокрпЖро░ро┐роп Mall-роЖЁЯШ▒ рооро░рог Fun Visit To Chennai's New Mall ЁЯФе|┬аVj┬аSiddhu┬аVlogs,1366056,63449,527,PT17M37S,2023-10-25T13:45:10Z
OecMmdkX4L0,роОройрпНрой ро╡ро╛ро┤рпНроХрпНроХ роЯро╛ роЗродрпБ ЁЯдз | Life Time ExperienceЁЯШ▓ Death Cafe | Vj Siddhu Vlogs,1580423,93321,1816,PT27M47S,2023-10-23T11:00:12Z
8zo-lb7LvGA,Office-роХрпНроХрпБ роОродрпБроХрпНроХрпБ роЯро╛ роЗродрпЖро▓рпНро▓ро╛роорпНЁЯджЁЯП╗тАНтЩАя╕П| New Office-роХрпНроХрпБ Funny ShoppingЁЯОЙЁЯТе | Vj Siddhu Vlogs,1790174,82875,708,PT24M4S,2023-10-22T04:30:07Z
qivlE1Hy3dQ,Giraffe роХрпВроЯ рокрпЗроЪрпНроЪрпБ ро╡ро╛ро░рпНродрпНродрпИЁЯШВ - Jungle SafariЁЯФе | Part 3 | Vj Siddhu Vlogs,922590,53866,363,PT10M51S,2023-10-20T14:30:10Z
CmQgdGcqy_s,Lokesh роЪрпЖроЮрпНроЪро┐роЯрпНроЯро╛ро░рпБЁЯТеЁЯФеЁЯдй | FDFS at┬аRohiniЁЯШН | Vj Siddhu Vlogs,614887,34949,334,PT5M41S,2023-10-19T18:20:11Z
0gP4BWpl5Lw,ро╡ро┐ро│рпИропро╛роЯрпНроЯрпБ ро╡ро┐рокро░рпАродроорпН роЖропро┐роЯрпБроЪрпНроЪрпБЁЯШеЁЯдг | Vj Siddhu Vlogs,2201282,83448,572,PT17M56S,2023-10-18T11:15:09Z
hBLoCsCmXkE,роЪро┐роЩрпНроХроорпН Road-ро▓ рокроЯрпБродрпНродрпБроЯрпНроЯрпБ роЗро░рпБроХрпНроХрпБЁЯШ▒ рооро░рог Fun Jungle Safari World ЁЯжБЁЯРК | Vj Siddhu Vlogs,1357634,62605,488,PT19M32S,2023-10-16T10:15:08Z
tXDnHMlsZ4U,English Teacher-роЖ роЗро╡роЩрпНроХ ЁЯШ▒ | English роХродрпНродрпБроХрпНроХ рокрпЛро▒рпЛроорпНЁЯУЦ | Vj Siddhu Vlogs,1501140,72794,741,PT22M26S,2023-10-15T05:00:07Z
dQf5xtW5UYk,Camera рокро▒рпНро▒ро┐ родрпЖро░ро┐роирпНрод Camera man родрпЗро╡рпИЁЯУ╕ | Vj Siddhu Vlogs,2594186,114977,1392,PT11M37S,2023-10-13T11:00:09Z
WPLHElwsPPU,роОройрпН Plan-ро▓ро╛роорпН роиро╛роЪрооро╛ рокрпЛроЪрпНроЪрпБ ЁЯТФ| Last Day In PattayaЁЯШВ | Vj Siddhu Vlogs,1794643,81575,711,PT16M56S,2023-10-11T10:45:09Z
4jMwYwtMR3s,Exotic Food - роР родрпЗроЯро┐ рокропрогроорпНЁЯНгЁЯжЮ | Vj Siddhu Vlogs,1579688,64384,435,PT15M,2023-10-09T11:45:13Z
3OcucZQcG_8,роОро▓рпНро▓ро╛ Middle Class роУроЯ роХройро╡рпБ роЗродрпБ ЁЯШНЁЯФе Wow Zone Interiors Tour ЁЯОЙ | Vj Siddhu Vlogs,512418,22862,226,PT19M11S,2023-10-08T04:30:10Z
csv6Y8x6BRU,"роОро╡рпНро│рпЛ ро╡рпЗрогро╛ роЕроЯро┐роЩрпНроХ, роЖройро╛ роТро░рпЗ роТро░рпБ Massage-u ЁЯШВЁЯФе | First Impression In Thailand┬а | Vj Siddhu┬аVlogs",1679813,75418,575,PT19M52S,2023-10-06T09:30:10Z
d52kp676npI,роЗродрпБ родро╛ройрпН Anaconda рокроЯрпНроЯро╛роЪро╛ ЁЯШВ BIGGEST CRACKER Testing 2023ЁЯОЙЁЯОЙ | Vj Siddhu Vlogs,297291,13963,463,PT21M55S,2023-10-04T12:15:09Z
GfmQ6mzzly0,Thailand Tiger ka HukumЁЯРЕЁЯФе| Vj Siddhu Vlogs,2041669,83206,735,PT21M42S,2023-10-02T12:30:09Z
9jovCSAeaBo,Thailand роХрпВроЯро╡рпЗ Collabration-роЖЁЯШВ - роЗройро┐роорпЗ Full Fun родро╛ройрпНЁЯШВЁЯФе | Vj┬аSiddhu┬аVlogs,1552983,71427,652,PT17M40S,2023-10-01T04:30:11Z
TyMsPyNQcA8,роОройрпНрой роОро▓рпНро▓ро╛ро░рпБроорпН роироорпНрооро│ рокро╛родрпНродрпБ роЪро┐ро░ро┐роХрпНроХрпБро▒ро╛роЩрпНроХЁЯШВ Full Fun Thailand Trip роЖро░роорпНрокроорпНЁЯШ╖ | Vj Sidhu Vlogs,1609202,87161,994,PT18M26S,2023-09-29T14:45:08Z
Ucx2i_TufNk,"роЗройро┐ рокрпЗроЪрпНроЪрпЗ роХрпЖроЯрпИропро╛родрпБ, ро╡рпАроЪрпНроЪрпБ родро╛ройрпН ЁЯШО Vera рооро╛ро▒ро┐ Thailand Series ЁЯФе| Vj Siddhu Vlogs",560143,38130,869,PT3M5S,2023-09-27T10:30:12Z
_SjBlEx7T4Q,International trip роХрпНроХрпБ рокрпКроЯрпНроЯро┐ ро╡ро╛роЩрпНроХрокрпНрокрпЛро▒рпЛроорпН ЁЯШН | Bags Wholesale Shop  |  Vj Siddhu Vlogs,616609,31212,525,PT15M20S,2023-09-25T14:00:08Z
FVCZ8NPAytY,роЗроЯрпИропрпВро▒рпБроХрпНроХрпБ ро╡ро░рпБроирпНродрпБроХро┐ро▒рпЛроорпНЁЯЩПЁЯП╗ | Vj Siddhu Vlogs,931625,57797,1415,PT6M12S,2023-09-22T12:40:11Z
YHv9RXnr7XY,роОройрпНрой рокро╛родрпНродро╛ Joker рооро╛ро▒ро┐ роЗро░рпБроХрпНроХро╛ ЁЯШЛЁЯТе Fun Cooking With BOYSЁЯОЙ | Vj Siddhu Vlogs,3121812,133161,2157,PT21M7S,2023-09-20T14:45:12Z
nO43MjCLW0A,роЗро╡ройрпБроЩрпНроХро│ ро╡роЪрпНроЪро┐роХрпНроХро┐роЯрпНроЯрпБ роОройрпНрой рокрогрпНро▒родрпБЁЯд╖ЁЯП╗тАНтЩВЁЯджЁЯП╗|тАН HOME TOUR PART - 4 ЁЯдг  | VJ Siddhu Vlogs,2786887,106948,1300,PT17M24S,2023-09-18T11:45:09Z
IoJ8nkSCuo8,роОройроХрпНроХрпБройрпЗ роЪро┐роХрпНроХрпБро▒ро╛роЩрпНроХро│рпЗ Sir ЁЯШВ Full FUN ModeЁЯТеBijili Crackers ЁЯОЙ| Vj Siddhu Vlogs,444360,21938,348,PT19M38S,2023-09-15T12:00:10Z
TrisAUXFK8o,3000 ро░рпВрокро╛ропрпНроХрпНроХрпБ роЗроирпНрод Beach-ро▓ роЕрокрпНроЯро┐ роОройрпНрой роЯро╛ роЗро░рпБроХрпНроХрпБЁЯЩДЁЯТе Butterfly Beach In Goa | Vj Siddhu Vlogs,295000,12338,127,PT13M49S,2023-09-13T10:45:09Z
8yAsHJrGFLg,роЗроЩрпНроХ ро╡ро░родрпБроХрпНроХрпБ роорпБройрпНройро╛роЯро┐ роТро░рпБ Time ропрпЛроЪро┐роЩрпНроХЁЯШ╖ЁЯЩД 100% Fun Trekking With Iniyazh ЁЯШВЁЯТе| Vj Siddhu Vlogs,278081,12025,122,PT13M10S,2023-09-11T10:45:08Z
L7AzOlTLHd4,роЪрпЛро▒рпБ роОроЩрпНроХроЯро╛ЁЯШВ - Murdeshwar роХрпЛропро┐ро▓рпН роЕройрпНройродро╛ройроорпН ReviewЁЯШЛЁЯТе | Karnataka | Vj Siddhu Vlogs,527015,23018,221,PT11M13S,2023-09-08T10:30:08Z
UFnxxxldXqg,Plan рокрогрпНрогро╛род Trip-ро▓ роЗро╡рпНро│рпЛ Surprise-роЖ  ЁЯШНЁЯЪЧ | Vj Siddhu Vlogs,550729,24094,293,PT10M17S,2023-09-06T10:30:08Z
R_dzTQywdek,роЗройро┐роорпЗ ро╡рпАроЯрпНроЯрпБ рокроХрпНроХроорпН ро╡роирпНродрпАроЩрпНроХ роЕро╡рпНро│рпЛ родро╛ройрпНроЯро╛ ЁЯШВЁЯТе Sunday FundayЁЯОЙ | Part 3 | Vj Siddhu Vlogs,3090813,110755,828,PT17M40S,2023-09-04T10:30:10Z
1OKP6dWX_xM,"ро╡рпАроЯрпНроЯрпБроХрпНроХрпБ роЙро│рпНро│ роТро░рпБ AC, ро╡рпЖро│ро┐роп роТро░рпБ AC-ропро╛ ЁЯШВ Siddhu Anna COSTLY Home TourЁЯдг | VJ Siddhu Vlogs",3225972,123174,984,PT18M5S,2023-09-01T10:30:09Z
igvUpCEALzI,роОройрпН ро╡рпАроЯрпБ роОройрпНрой роЖроХ рокрпЛроХрпБродрпЛ ЁЯШВSunday With KOLARU Boys ЁЯОКЁЯФе| Vj Siddhu Vlogs,2594288,105728,818,PT16M28S,2023-08-30T10:30:09Z
r7Rx9I0Al8E,Night 12 роорогро┐роХрпНроХрпБ ро╡рпЖро▒ро┐родрпНродройрооро╛рой роорпАройрпН ро╡рпЗроЯрпНроЯрпИЁЯШЛЁЯФе Budget FishTiffen | Vj Sidhu Vlogs,749424,33170,347,PT12M20S,2023-08-28T12:00:09Z
0IVBovKGSdE,роЗрокрпНроЯро┐ роТро░рпБ Love Story-роп роХрпЗроЯрпНроЯрпБ роЗро░рпБроХрпНроХро╡рпЗ рооро╛роЯрпНроЯрпАроЩрпНроХЁЯШВЁЯФе |┬а Vj Sidhu Vlogs,1274830,73157,3893,PT12M8S,2023-08-25T09:30:13Z
v1arwXMvv1o,родро░рооро╛рой Midnight рокро┐ро░ро┐ропро╛рогро┐ родрпЗроЯро┐ рокрпЛро▒рпЛроорпН ЁЯШЛЁЯФе | Midnight Biriyani Hunt тЭд| Vj Siddhu Vlogs,1132626,40976,461,PT17M44S,2023-08-23T13:45:09Z
T-pjqLcbn0Q,"""Avoid рокрогрпНрогрпБро▒рпАроЩрпНроХро│ро╛ роиро╛"" ЁЯШ▒ Healthy-ропро╛ роЪро╛рокрпНрокро┐роЯ Bestu SpotЁЯШЛЁЯФе| Vj Siddhu Vlogs",1041230,41709,301,PT12M45S,2023-08-21T11:15:09Z
Oi_PI9mWT0A,рооро╛роЯрпНроЯро┐роХрпНроХро┐ройро╛ро░рпБ роТро░рпБродрпНродро░рпБЁЯШВЁЯФе ро╡рпЖроЪрпНроЪро┐ роЪрпЖроЮрпНроЪро╛роЪрпНроЪрпБ | Part 2 | Vj Siddhu Vlogs,1794321,70965,512,PT14M11S,2023-08-18T11:00:11Z
WyeltJstELE,ро╡ро╛ропро╛ роорпВроЯрпНро▒ро╛ роХрпКро░роЩрпНроХрпБ ЁЯЩК- Pullingo Boys TripЁЯШВ | Vj Siddhu Vlogs,2106728,86110,579,PT16M26S,2023-08-16T09:35:08Z
zlKEjwZ1WCY,"роиро▓рпНро▓ро╛ роЗро░рпБроирпНродрпБроЯрпНроЯрпБ  ЁЯШК , роЗройрпНройрпИроХрпНроХрпБ Road -ро▓ роЗрокрпНроЯро┐ роХроЯрпИ ро╡роЪрпНроЪро┐роЯрпНроЯрпБ роЗро░рпБроХрпНроХродрпБ роЪроЩрпНроХроЯрпНроЯрооро╛┬ароЗро░рпБроХрпНроХрпБ┬аЁЯШ░!",1674070,58890,1312,PT15M40S,2023-08-12T14:00:07Z
-XC-ZZQTFTc,Nelsa роЪроорпНрокро╡роорпН рокрогрпНрогро┐роЯрпНроЯро┐ропрпЗ ЁЯШОЁЯФе JAILER FDFS Vlog | Vj Siddhu Vlogs,505279,19445,180,PT9M15S,2023-08-10T12:00:11Z
m3MLYRgIb6k,Subscriber роХроЯрпИропро┐ро▓ Hukum рокро┐ро░ро┐ропро╛рогро┐ ЁЯШОЁЯФе | Vj Siddhu Vlogs,1315795,55289,498,PT14M44S,2023-08-09T10:30:11Z
P5cndHjeMek,роОрокрпНроЯро┐ роЗро░рпБроирпНрод роиро╛ройрпН роЗрокрпНроЯро┐ рооро╛ро▒ро┐роЯрпНроЯрпЗройрпН ЁЯШО- MOTHI MENS WEARЁЯТеЁЯОЙ | Vj Siddhu Vlogs,311038,12616,126,PT19M43S,2023-08-07T11:00:07Z
vZGsef4gAZg,Friends роХрпВроЯ Nightout SpotsЁЯОЙ - роЗро╡рпНро│рпЛ роХроорпНрооро┐ Price-роЖ ЁЯШЛ| Vj Siddhu Vlogs,791201,30241,266,PT20M44S,2023-08-04T12:30:09Z
P6aeNk0KqhU,Amazon-ро▓ роЗрокрпНроЯро┐ роХрпВроЯ Products роЗро░рпБроХрпНроХро╛ - Unboxing Weird Products ЁЯШ▒ЁЯОБ | Vj Siddhu Vlogs,845832,27850,152,PT15M7S,2023-08-02T12:30:10Z
FZOWUCLG9cI,Family- роУроЯ Private time spend рокрогрпНрог роТро░рпБ Perfect Spot ЁЯШНтЭдя╕П | Vj Siddhu Vlogs,558421,23348,136,PT13M39S,2023-07-31T10:30:11Z
55FJ8S5GJQw,Oldest Wineshop In Pondy ЁЯШЛ- роиродрпНродрпИ роХро▒ро┐ роЪрпБроорпНрооро╛ роЕрокрпНрокроЯро┐ роЗро░рпБроХрпНроХрпБЁЯТе | Vj Siddhu Vlogs | Vj Siddhu Vlogs,526339,19730,286,PT13M45S,2023-07-28T09:30:11Z
jpxNuluiy8U,50 ро░рпВрокро╛ роЗро░рпБроирпНродро╛ рокрпЛродрпБроорпН  ЁЯШЛ - роХрпЖродрпНродрпБ роХро╛роЯрпНроЯрпБроорпН ECR родро╛родрпНродро╛ роХроЯрпИ ЁЯНЧЁЯей| Vj Siddhu Vlogs,630721,21036,373,PT11M8S,2023-07-26T13:45:07Z
yfwnpF_YB38,роХро╛ро▓рпИ-ро▓ропрпЗ роОро▒ро╛ родрпКроХрпНроХрпБ роХрпВроЯ Tiffen ЁЯжРЁЯШЛЁЯН╜я╕П | роЕроЪродрпНродрпБроорпН роХрпВро░рпИ роХроЯрпИЁЯОЙ | Vj Siddhu Vlogs,1036904,33769,295,PT10M21S,2023-07-24T10:30:09Z
HVO6vfKgRc4,Samantha роиро╛ропрпН роХрпБроЯрпНроЯро┐ роЗро╡рпНро│рпЛ Price-роЖЁЯШН - Pet Shopping VlogЁЯР╢ | Vj Siddhu Vlogs,340149,12761,137,PT16M39S,2023-07-21T12:00:08Z
7k9Rt0sRCDQ,CHENNAI тЭдя╕П | Vj Siddhu Vlogs | #shorts,987356,113033,384,PT38S,2023-07-20T09:30:02Z
ji2qL2k18P4,1100 ро╡ро╛роЯроХрпИ родро░ роорпБроЯро┐ропро╛роо роЗро░рпБроирпНродрпЗройрпН ЁЯе║ - My Bachelor Room Tour | Vj Siddhu Vlogs | Vj Siddhu Vlogs,974179,52507,508,PT18M52S,2023-07-19T14:00:36Z
3TYJLzh47zE,роОройрпНройродрпБ роЬроЯрпНроЯро┐ рокрпЛроЯрпНроЯрпБ Office-ро▓ роЪрпБродрпНродрогрпБрооро╛ ? ЁЯШ▒ЁЯдгЁЯТе| Vj Siddhu Vlogs,474320,20382,83,PT15M23S,2023-07-17T11:00:10Z
nMMPnXQpTB4,ро╡рпЖроЪрпНроЪрпБ роЪрпЖропрпНроп рокрпЛро▒рпЛроорпНЁЯШВ - рооро░рог Fun JACKPOT With BlacksheepЁЯОЙ | Vj Siddhu Vlogs,683344,28329,158,PT19M45S,2023-07-14T10:30:24Z
TrIvXer5EpY,роорпКродрпНрод роХродрпИропрпИропрпБроорпН роЗрокрпНроЯро┐ роТроЯрпИроЪрпНроЪрпБроЯрпНроЯро┐роЩрпНроХро│рпЗ роЯро╛ ЁЯШ▒ЁЯдп |  Vj Siddhu Vlogs,778425,33472,157,PT13M21S,2023-07-12T13:30:08Z
mTj7xYaG4k4,Tasmac-ро▓ Movie DiscussionЁЯШВ | Food Review With Blacksheep TEAM ЁЯТеЁЯШЛ |┬аVj┬аSiddhu┬аVlogs,1199751,47385,444,PT24M5S,2023-07-10T14:00:11Z
5PN73jENxzA,рооро╛роЯро┐-ро▓ роЗро░рпБроирпНродрпБ рокро╛ро░ро╛роЪрпНроЪрпВроЯрпН-ро▓ рокро▒роирпНродрпЛроорпН ЁЯШ▒ | Vj Siddhu Vlogs,360543,17457,222,PT12M56S,2023-07-07T12:30:08Z
SPyVuauAYrU,роиро╛роорпН рооро▒роирпНрод 90s Kids ро╡ро┐ро│рпИропро╛роЯрпНроЯрпБ рокрпКро░рпБроЯрпНроХро│рпН ЁЯШН | Old Memories With Iniyazh ЁЯОЙ| Vj Siddhu Vlogs,516827,24662,0,PT18M24S,2023-07-05T09:45:08Z
2dXX3BmcMAw,Low Budget-ро▓ родро░рооро╛рой Street food ЁЯдй | Vj Siddhu Vlogs,548663,25702,267,PT13M30S,2023-07-03T09:45:09Z
qD1e60R-mJI,Vijay Antony Sir ро╡рпАроЯрпНроЯрпБроХрпНроХрпБ Food Delivery ЁЯШН| Vj Siddhu Vlogs | #shorts,4820783,455265,274,PT44S,2023-07-01T05:30:11Z
UKbg8CEEmmA,Vijay Antony Sir ро╡рпАроЯрпНроЯрпБро▓ роироЯроирпНрод роЪроорпНрокро╡роорпН ЁЯТФ| Delivery Boy Emotional | Vj Siddhu Vlogs,482757,23705,293,PT10M1S,2023-06-30T09:45:07Z
tQ4l4GH1zAc,роЗродрпЖро▓рпНро▓ро╛роорпН order рокрогрпНрогрпБро╡ро╛роЩрпНроХро│ро╛ ЁЯШ▓ | Day With Delivery Boy  | Vj Siddhu Vlogs | #shorts,1725782,141656,171,PT54S,2023-06-29T07:30:14Z
AJ4J6soRGQg,Swiggy-ро▓ роЗро░рпБроирпНродро╛ роЗро╡рпНро│рпЛ роЪроорпНрокро│рооро╛ ЁЯдС  | One Day Delivery Partner | Vj Siddhu,858529,32986,384,PT21M32S,2023-06-28T11:30:11Z
FBZFmBcm-lw,роХрпБроЯро┐роороХройрпНроХро│рпН Health- роорпН роорпБроХрпНроХро┐ропроорпН родро╛ройрпНЁЯШНЁЯОЙ |  Jil Jil Bar Food ReviewЁЯТе | Vj Siddhu,588861,28751,410,PT15M1S,2023-06-26T10:30:10Z
7f8GkhCakxs,Tasmac-ро▓ роЗро╡рпНро│рпЛ Variety Side Dish-роЖ ЁЯШЛЁЯТероОройрпНройро╛ TasteuЁЯОЙ| Vj Siddhu,505295,22323,309,PT10M24S,2023-06-23T09:40:08Z
N6hC1j2p8HI,роЗродрпБ роЪро╛родро╛ро░рог роиро╛ропрпН роЗро▓рпНро▓ Circus роиро╛ропрпН ЁЯШВ | A Day With Chottu Dog | Part 2 | Vj Siddhu,1129754,52849,466,PT12M26S,2023-06-20T10:30:08Z
O_eCMDtruLI,роОройрпНройро╛ роТро░рпБ рокрпБродрпНродро┐роЪро╛ро▓ро┐родрпНродройроорпНЁЯдгЁЯШВ | Vj Siddhu Vlogs #shorts,1336016,89455,48,PT22S,2023-06-19T05:34:12Z
2KtPwmjqtBk,роОрокрпНрокроЯро┐ ро╡роирпНродрпБ роЪро┐роХрпНроХро┐ роЗро░рпБроХрпНроХрпЗройрпН рокро╛родрпНродро┐ропро╛ ЁЯШТ  | Vj Siddhu Vlogs,2426367,71016,643,PT16M19S,2023-06-18T10:00:14Z
OkuCdKIYzX0,роиро╛ройрпН ро╡роирпНродрпБроЯрпНроЯрпЗройрпН роЪрпКро▓рпНро▓рпБ родро┐ро░рпБроорпНрок ро╡роирпНродрпБроЯрпНроЯрпЗройрпБ роЪрпКро▓рпНро▓рпБ..! | New Channel | Vj Siddhu Vlogs,298941,26683,190,PT1M5S,2023-06-17T11:02:30Z
